site,Form Title,Notification Title,Email
dreamnissan.com,Get E-Price,ADF/XML Formatted Notification (new),dreamnissan@promaxonline.net
dreamnissan.com,Get E-Price,ADF/XML Formatted Notification (used),dreamnissan@promaxonline.net
dreamnissan.com,Order Parts,Text Formatted Notification,leads@dreamautomotive.com
dreamnissan.com,Contact Us,ADF/XML Formatted Notification,dreamnissan@promaxonline.net
dreamnissan.com,Contact Us,Text formatted notification,leads@dreamautomotive.com
dreamnissan.com,Contact Parts,Text Formatted Notification,leads@dreamautomotive.com
dreamnissan.com,Contact Service,Text Formatted Notification,leads@dreamautomotive.com
dreamnissan.com,Schedule Test Drive,ADF/XML Formatted Notification (new),dreamnissan@promaxonline.net
dreamnissan.com,Schedule Test Drive,ADF/XML Formatted Notification (used),dreamnissan@promaxonline.net
dreamnissan.com,Vehicle Finder Service,ADF/XML Formatted Notification (new),dreamnissan@promaxonline.net
dreamnissan.com,Vehicle Finder Service,ADF/XML Formatted Notification (used),dreamnissan@promaxonline.net
dreamnissan.com,Check Availability,ADF/XML Formatted Notification (new),dreamnissan@promaxonline.net
dreamnissan.com,Check Availability,ADF/XML Formatted Notification (used),useddreamautomotive@promaxonline.net
dreamnissan.com,Value Trade In,ADF/XML Formatted Notification,lawrencekia@promaxonline.net
dreamnissan.com,Value Trade In,Text Formatted Notification,leads@dreamautomotive.com
dreamnissan.com,Lock This Lease,ADF/XML Formatted Notification,lawrencekia@promaxonline.net
dreamnissan.com,Lock This Lease,ADF/XML Formatted Notification,leads@dreamautomotive.com
dreamnissan.com,Lock This Payment,ADF/XML Formatted Notification,lawrencekia@promaxonline.net
dreamnissan.com,Lock This Payment,ADF/XML Formatted Notification,leads@dreamautomotive.com
dreamnissan.com,Shipping Quote,ADF/XML Formatted Notification,dreamnissan@promaxonline.net
dreamnissan.com,View Inventory,ADF/XML Formatted Notification (new),dreamnissan@promaxonline.net
dreamnissan.com,View Inventory,ADF/XML Formatted Notification (used),dreamnissan@promaxonline.net
dreamnissan.com,View Inventory,Text Formatted Notification,leads@dreamautomotive.com
dreamnissan.com,Secure This Offer,ADF/XML Formatted Notification,lawrencekia@promaxonline.net
dreamnissan.com,$ Get Approved Now,ADF/XML Formatted Notification (new),dreamnissan@promaxonline.net
dreamnissan.com,$ Get Approved Now,ADF/XML Formatted Notification (used),dreamnissan@promaxonline.net
dreamnissan.com,Kia Stinger Reservation,ADF/XML Formatted Notification,lawrencekia@promaxonline.net
dreamnissan.com,Kia Stinger Reservation,ADF/XML Formatted Notification,leads@dreamautomotive.com
dreamnissan.com,Dream Used Car,ADF/XML Formatted Notification,dreamnissan@promaxonline.net
dreamnissan.com,Dream Used Car,Text formatted notification,leads@dreamautomotive.com
dreamnissan.com,Door-to-Door,ADF/XML Formatted Notification,lawrencekia@promaxonline.net
dreamnissan.com,Door-to-Door,ADF/XML Formatted Notification,useddreamautomotive@promaxonline.net
dreamnissan.com,Blog Suggestion,Text Formatted Notification,marketing@dreamautomotive.com
dreamnissan.com,Blog Suggestion,Text Formatted Notification,leads@dreamautomotive.com
dreamnissan.com,Get - Buy Now Price,ADF/XML Formatted Notification,lawrencekia@promaxonline.net
dreamnissan.com,Get - Buy Now Price,ADF/XML Formatted Notification,leads@dreamautomotive.com
dreamnissan.com,Reserve Your Kia Telluride,ADF/XML Formatted Notification,lawrencekia@promaxonline.net
dreamnissan.com,Secure Price,ADF/XML Formatted Notification,lawrencekia@promaxonline.net
dreamnissan.com,Secure Price,Text formatted notification,leads@dreamautomotive.com
dreamnissan.com,Employment Application,Text Formatted Notification,leads@dreamautomotive.com
dreamnissan.com,Seltos-Reservation,ADF/XML Formatted Notification,lawrencekia@promaxonline.net
dreamnissan.com,Seltos-Reservation,Text formatted notification,leads@dreamautomotive.com
dreamnissan.com,Share Service Special,Text Formatted Notification,leads@dreamautomotive.com
dreamnissan.com,Virtual Appointment,ADF/XML Formatted Notification (new),dreamnissan@promaxonline.net
dreamnissan.com,Virtual Appointment,ADF/XML Formatted Notification (used),dreamnissan@promaxonline.net
dreamnissan.com,First Responder Cleaning,First Responders Vehicle Cleaning,leads@dreamautomotive.com
dreamnissan.com,Employment,Text Formatted Notification,leads@dreamautomotive.com
dreamnissan.com,Reserve Your 2022 Kia Carnival Today,ADF/XML Formatted Notification,lawrencekia@promaxonline.net
dreamnissan.com,Reserve Your EV6 Now,ADF/XML Formatted Notification,lawrencekia@promaxonline.net
dreamnissan.com,Squeeze form CTA,ADF/XML Formatted Notification (new),dreamnissan@promaxonline.net
dreamnissan.com,Squeeze form CTA,ADF/XML Formatted Notification (used),dreamnissan@promaxonline.net
dreamnissan.com,Squeeze form CTA,Text Formatted Notification,leads@dreamautomotive.com
dreamnissanlawrence.com,Get E-Price,ADF/XML Formatted Notification (new),dreamnissanlawrence@promaxonline.net
dreamnissanlawrence.com,Get E-Price,ADF/XML Formatted Notification (used),dreamnissanlawrence@promaxonline.net
dreamnissanlawrence.com,Order Parts,Text Formatted Notification,leads@dreamautomotive.com
dreamnissanlawrence.com,Contact Us,ADF/XML Formatted Notification,dreamnissanlawrence@promaxonline.net
dreamnissanlawrence.com,Contact Us,Text formatted notification,leads@dreamautomotive.com
dreamnissanlawrence.com,Contact Parts,Text Formatted Notification,leads@dreamautomotive.com
dreamnissanlawrence.com,Contact Service,Text Formatted Notification,leads@dreamautomotive.com
dreamnissanlawrence.com,Schedule Test Drive,ADF/XML Formatted Notification (new),dreamnissanlawrence@promaxonline.net
dreamnissanlawrence.com,Schedule Test Drive,ADF/XML Formatted Notification (used),dreamnissanlawrence@promaxonline.net
dreamnissanlawrence.com,Vehicle Finder Service,ADF/XML Formatted Notification (new),dreamnissanlawrence@promaxonline.net
dreamnissanlawrence.com,Vehicle Finder Service,ADF/XML Formatted Notification (used),dreamnissanlawrence@promaxonline.net
dreamnissanlawrence.com,Check Availability,ADF/XML Formatted Notification (new),dreamnissanlawrence@promaxonline.net
dreamnissanlawrence.com,Check Availability,ADF/XML Formatted Notification (used),useddreamautomotive@promaxonline.net
dreamnissanlawrence.com,Value Trade In,ADF/XML Formatted Notification,lawrencekia@promaxonline.net
dreamnissanlawrence.com,Value Trade In,Text Formatted Notification,leads@dreamautomotive.com
dreamnissanlawrence.com,Lock This Lease,ADF/XML Formatted Notification,lawrencekia@promaxonline.net
dreamnissanlawrence.com,Lock This Lease,ADF/XML Formatted Notification,leads@dreamautomotive.com
dreamnissanlawrence.com,Lock This Payment,ADF/XML Formatted Notification,lawrencekia@promaxonline.net
dreamnissanlawrence.com,Lock This Payment,ADF/XML Formatted Notification,leads@dreamautomotive.com
dreamnissanlawrence.com,Shipping Quote,ADF/XML Formatted Notification,dreamnissanlawrence@promaxonline.net
dreamnissanlawrence.com,View Inventory,ADF/XML Formatted Notification (new),dreamnissanlawrence@promaxonline.net
dreamnissanlawrence.com,View Inventory,ADF/XML Formatted Notification (used),dreamnissanlawrence@promaxonline.net
dreamnissanlawrence.com,View Inventory,Text Formatted Notification,leads@dreamautomotive.com
dreamnissanlawrence.com,Secure This Offer,ADF/XML Formatted Notification,lawrencekia@promaxonline.net
dreamnissanlawrence.com,$ Get Approved Now,ADF/XML Formatted Notification (new),dreamnissanlawrence@promaxonline.net
dreamnissanlawrence.com,$ Get Approved Now,ADF/XML Formatted Notification (used),dreamnissanlawrence@promaxonline.net
dreamnissanlawrence.com,Kia Stinger Reservation,ADF/XML Formatted Notification,lawrencekia@promaxonline.net
dreamnissanlawrence.com,Kia Stinger Reservation,ADF/XML Formatted Notification,leads@dreamautomotive.com
dreamnissanlawrence.com,Dream Used Car,ADF/XML Formatted Notification,dreamnissanlawrence@promaxonline.net
dreamnissanlawrence.com,Dream Used Car,Text formatted notification,leads@dreamautomotive.com
dreamnissanlawrence.com,Door-to-Door,ADF/XML Formatted Notification,lawrencekia@promaxonline.net
dreamnissanlawrence.com,Door-to-Door,ADF/XML Formatted Notification,useddreamautomotive@promaxonline.net
dreamnissanlawrence.com,Blog Suggestion,Text Formatted Notification,marketing@dreamautomotive.com
dreamnissanlawrence.com,Blog Suggestion,Text Formatted Notification,leads@dreamautomotive.com
dreamnissanlawrence.com,Get - Buy Now Price,ADF/XML Formatted Notification,lawrencekia@promaxonline.net
dreamnissanlawrence.com,Get - Buy Now Price,ADF/XML Formatted Notification,leads@dreamautomotive.com
dreamnissanlawrence.com,Reserve Your Kia Telluride,ADF/XML Formatted Notification,lawrencekia@promaxonline.net
dreamnissanlawrence.com,Secure Price,ADF/XML Formatted Notification,lawrencekia@promaxonline.net
dreamnissanlawrence.com,Secure Price,Text formatted notification,leads@dreamautomotive.com
dreamnissanlawrence.com,Employment Application,Text Formatted Notification,leads@dreamautomotive.com
dreamnissanlawrence.com,Seltos-Reservation,ADF/XML Formatted Notification,lawrencekia@promaxonline.net
dreamnissanlawrence.com,Seltos-Reservation,Text formatted notification,leads@dreamautomotive.com
dreamnissanlawrence.com,Share Service Special,Text Formatted Notification,leads@dreamautomotive.com
dreamnissanlawrence.com,Virtual Appointment,ADF/XML Formatted Notification (new),dreamnissanlawrence@promaxonline.net
dreamnissanlawrence.com,Virtual Appointment,ADF/XML Formatted Notification (used),dreamnissanlawrence@promaxonline.net
dreamnissanlawrence.com,First Responder Cleaning,First Responders Vehicle Cleaning,leads@dreamautomotive.com
dreamnissanlawrence.com,Employment,Text Formatted Notification,leads@dreamautomotive.com
dreamnissanlawrence.com,Reserve Your 2022 Kia Carnival Today,ADF/XML Formatted Notification,lawrencekia@promaxonline.net
dreamnissanlawrence.com,Reserve Your EV6 Now,ADF/XML Formatted Notification,lawrencekia@promaxonline.net
dreamnissanlawrence.com,Schedule Service,Text Formatted Notification,leads@dreamautomotive.com
dreamnissanlawrence.com,Schedule Service,Text Formatted Notification,customerservice@dreamautomotive.com
dreamnissanlawrence.com,Schedule Service,Text Formatted Notification,DNLService@dreamautomotive.com
dreamnissanlawrence.com,Squeeze form CTA,ADF/XML Formatted Notification (new),dreamnissanlawrence@promaxonline.net
dreamnissanlawrence.com,Squeeze form CTA,ADF/XML Formatted Notification (used),dreamnissanlawrence@promaxonline.net
dreamnissanlawrence.com,Squeeze form CTA,Text Formatted Notification,leads@dreamautomotive.com
dreamnissanmidwest.com,Get E-Price,ADF/XML Formatted Notification (new),dreammidwest@promaxonline.net
dreamnissanmidwest.com,Get E-Price,ADF/XML Formatted Notification (used),dreammidwest@promaxonline.net
dreamnissanmidwest.com,Order Parts,Text Formatted Notification,leads@dreamautomotive.com
dreamnissanmidwest.com,Contact Us,ADF/XML Formatted Notification,dreammidwest@promaxonline.net
dreamnissanmidwest.com,Contact Us,Text formatted notification,leads@dreamautomotive.com
dreamnissanmidwest.com,Contact Parts,Text Formatted Notification,leads@dreamautomotive.com
dreamnissanmidwest.com,Contact Service,Text Formatted Notification,leads@dreamautomotive.com
dreamnissanmidwest.com,Schedule Test Drive,ADF/XML Formatted Notification (new),dreammidwest@promaxonline.net
dreamnissanmidwest.com,Schedule Test Drive,ADF/XML Formatted Notification (used),dreammidwest@promaxonline.net
dreamnissanmidwest.com,Vehicle Finder Service,ADF/XML Formatted Notification (new),dreammidwest@promaxonline.net
dreamnissanmidwest.com,Vehicle Finder Service,ADF/XML Formatted Notification (used),dreammidwest@promaxonline.net
dreamnissanmidwest.com,Check Availability,ADF/XML Formatted Notification (new),dreammidwest@promaxonline.net
dreamnissanmidwest.com,Check Availability,ADF/XML Formatted Notification (used),useddreamautomotive@promaxonline.net
dreamnissanmidwest.com,Value Trade In,ADF/XML Formatted Notification,dreammidwest@promaxonline.net
dreamnissanmidwest.com,Value Trade In,Text Formatted Notification,leads@dreamautomotive.com
dreamnissanmidwest.com,Lock This Lease,ADF/XML Formatted Notification,dreammidwest@promaxonline.net
dreamnissanmidwest.com,Lock This Lease,ADF/XML Formatted Notification,leads@dreamautomotive.com
dreamnissanmidwest.com,Lock This Payment,ADF/XML Formatted Notification,dreammidwest@promaxonline.net
dreamnissanmidwest.com,Lock This Payment,ADF/XML Formatted Notification,leads@dreamautomotive.com
dreamnissanmidwest.com,Shipping Quote,ADF/XML Formatted Notification,dreammidwest@promaxonline.net
dreamnissanmidwest.com,View Inventory,ADF/XML Formatted Notification (new),dreammidwest@promaxonline.net
dreamnissanmidwest.com,View Inventory,ADF/XML Formatted Notification (used),dreammidwest@promaxonline.net
dreamnissanmidwest.com,View Inventory,Text Formatted Notification,leads@dreamautomotive.com
dreamnissanmidwest.com,Secure This Offer,ADF/XML Formatted Notification,dreammidwest@promaxonline.net
dreamnissanmidwest.com,$ Get Approved Now,ADF/XML Formatted Notification (new),dreammidwest@promaxonline.net
dreamnissanmidwest.com,$ Get Approved Now,ADF/XML Formatted Notification (used),dreammidwest@promaxonline.net
dreamnissanmidwest.com,Kia Stinger Reservation,ADF/XML Formatted Notification,dreammidwest@promaxonline.net
dreamnissanmidwest.com,Kia Stinger Reservation,ADF/XML Formatted Notification,leads@dreamautomotive.com
dreamnissanmidwest.com,Dream Used Car,ADF/XML Formatted Notification,dreammidwest@promaxonline.net
dreamnissanmidwest.com,Dream Used Car,Text formatted notification,leads@dreamautomotive.com
dreamnissanmidwest.com,Door-to-Door,ADF/XML Formatted Notification,dreammidwest@promaxonline.net
dreamnissanmidwest.com,Door-to-Door,ADF/XML Formatted Notification,useddreamautomotive@promaxonline.net
dreamnissanmidwest.com,Blog Suggestion,Text Formatted Notification,marketing@dreamautomotive.com
dreamnissanmidwest.com,Blog Suggestion,Text Formatted Notification,leads@dreamautomotive.com
dreamnissanmidwest.com,Get - Buy Now Price,ADF/XML Formatted Notification,dreammidwest@promaxonline.net
dreamnissanmidwest.com,Get - Buy Now Price,ADF/XML Formatted Notification,leads@dreamautomotive.com
dreamnissanmidwest.com,Reserve Your Kia Telluride,ADF/XML Formatted Notification,dreammidwest@promaxonline.net
dreamnissanmidwest.com,Secure Price,ADF/XML Formatted Notification,dreammidwest@promaxonline.net
dreamnissanmidwest.com,Secure Price,Text formatted notification,leads@dreamautomotive.com
dreamnissanmidwest.com,Employment Application,Text Formatted Notification,leads@dreamautomotive.com
dreamnissanmidwest.com,Seltos-Reservation,ADF/XML Formatted Notification,dreammidwest@promaxonline.net
dreamnissanmidwest.com,Seltos-Reservation,Text formatted notification,leads@dreamautomotive.com
dreamnissanmidwest.com,Share Service Special,Text Formatted Notification,leads@dreamautomotive.com
dreamnissanmidwest.com,Virtual Appointment,ADF/XML Formatted Notification (new),dreammidwest@promaxonline.net
dreamnissanmidwest.com,Virtual Appointment,ADF/XML Formatted Notification (used),dreammidwest@promaxonline.net
dreamnissanmidwest.com,First Responder Cleaning,First Responders Vehicle Cleaning,leads@dreamautomotive.com
dreamnissanmidwest.com,Employment,Text Formatted Notification,leads@dreamautomotive.com
dreamnissanmidwest.com,Reserve Your 2022 Kia Carnival Today,ADF/XML Formatted Notification,dreammidwest@promaxonline.net
dreamnissanmidwest.com,Reserve Your EV6 Now,ADF/XML Formatted Notification,dreammidwest@promaxonline.net
dreamnissanmidwest.com,Squeeze form CTA,ADF/XML Formatted Notification (new),dreammidwest@promaxonline.net
dreamnissanmidwest.com,Squeeze form CTA,ADF/XML Formatted Notification (used),dreammidwest@promaxonline.net
dreamnissanmidwest.com,Squeeze form CTA,Text Formatted Notification,leads@dreamautomotive.com
lawrencekia.com,Order Parts,Text Formatted Notification,leads@dreamautomotive.com
lawrencekia.com,Order Parts,Text Formatted Notification,parts@lawrencekia.com
lawrencekia.com,Contact Us,ADF/XML Formatted Notification,lawrencekia@promaxonline.net
lawrencekia.com,Contact Us,Text formatted notification,leads@dreamautomotive.com
lawrencekia.com,Contact Parts,Text Formatted Notification,leads@dreamautomotive.com
lawrencekia.com,Contact Parts,Text Formatted Notification,parts@lawrencekia.com
lawrencekia.com,Contact Service,Text Formatted Notification,leads@dreamautomotive.com
lawrencekia.com,Contact Service,Text Formatted Notification,service@lawrencekia.com
lawrencekia.com,Schedule Test Drive,ADF/XML Formatted Notification (new),lawrencekia@promaxonline.net
lawrencekia.com,Schedule Test Drive,ADF/XML Formatted Notification (used),lawrencekia@promaxonline.net
lawrencekia.com,Vehicle Finder Service,ADF/XML Formatted Notification (new),lawrencekia@promaxonline.net
lawrencekia.com,Vehicle Finder Service,ADF/XML Formatted Notification (used),lawrencekia@promaxonline.net
lawrencekia.com,Check Availability,ADF/XML Formatted Notification (new),lawrencekia@promaxonline.net
lawrencekia.com,Check Availability,ADF/XML Formatted Notification (used),lawrencekia@promaxonline.net
lawrencekia.com,Value Trade In,ADF/XML Formatted Notification,lawrencekia@promaxonline.net
lawrencekia.com,Value Trade In,Text Formatted Notification,leads@dreamautomotive.com
lawrencekia.com,Lock This Lease,ADF/XML Formatted Notification,lawrencekia@promaxonline.net
lawrencekia.com,Lock This Lease,ADF/XML Formatted Notification,leads@dreamautomotive.com
lawrencekia.com,Lock This Payment,ADF/XML Formatted Notification,lawrencekia@promaxonline.net
lawrencekia.com,Lock This Payment,ADF/XML Formatted Notification,leads@dreamautomotive.com
lawrencekia.com,Shipping Quote,ADF/XML Formatted Notification,lawrencekia@promaxonline.net
lawrencekia.com,View Inventory,ADF/XML Formatted Notification (new),lawrencekia@promaxonline.net
lawrencekia.com,View Inventory,ADF/XML Formatted Notification (used),lawrencekia@promaxonline.net
lawrencekia.com,Secure This Offer,ADF/XML Formatted Notification,lawrencekia@promaxonline.net
lawrencekia.com,$ Get Approved Now,ADF/XML Formatted Notification (new),lawrencekia@promaxonline.net
lawrencekia.com,$ Get Approved Now,ADF/XML Formatted Notification (used),lawrencekia@promaxonline.net
lawrencekia.com,Kia Stinger Reservation,ADF/XML Formatted Notification,lawrencekia@promaxonline.net
lawrencekia.com,Kia Stinger Reservation,ADF/XML Formatted Notification,leads@dreamautomotive.com
lawrencekia.com,Dream Used Car,ADF/XML Formatted Notification,lawrencekia@promaxonline.net
lawrencekia.com,Dream Used Car,Text formatted notification,leads@dreamautomotive.com
lawrencekia.com,Door-to-Door,ADF/XML Formatted Notification,lawrencekia@promaxonline.net
lawrencekia.com,Door-to-Door,ADF/XML Formatted Notification,useddreamautomotive@promaxonline.net
lawrencekia.com,Blog Suggestion,Text Formatted Notification,marketing@dreamautomotive.com
lawrencekia.com,Blog Suggestion,Text Formatted Notification,leads@dreamautomotive.com
lawrencekia.com,Get - Buy Now Price,ADF/XML Formatted Notification,lawrencekia@promaxonline.net
lawrencekia.com,Get - Buy Now Price,ADF/XML Formatted Notification,leads@dreamautomotive.com
lawrencekia.com,Reserve Your Kia Telluride,ADF/XML Formatted Notification,lawrencekia@promaxonline.net
lawrencekia.com,Secure Price,ADF/XML Formatted Notification,lawrencekia@promaxonline.net
lawrencekia.com,Secure Price,Text formatted notification,leads@dreamautomotive.com
lawrencekia.com,Employment Application,Text Formatted Notification,leads@dreamautomotive.com
lawrencekia.com,Seltos-Reservation,ADF/XML Formatted Notification,lawrencekia@promaxonline.net
lawrencekia.com,Seltos-Reservation,Text formatted notification,leads@dreamautomotive.com
lawrencekia.com,Share Service Special,Text Formatted Notification,leads@dreamautomotive.com
lawrencekia.com,Virtual Appointment,ADF/XML Formatted Notification (new),lawrencekia@promaxonline.net
lawrencekia.com,Virtual Appointment,ADF/XML Formatted Notification (used),lawrencekia@promaxonline.net
lawrencekia.com,First Responder Cleaning,First Responders Vehicle Cleaning,leads@dreamautomotive.com
lawrencekia.com,First Responder Cleaning,First Responders Vehicle Cleaning - ADF/XML,lawrencekia@promaxonline.net
lawrencekia.com,First Responder Cleaning,First Responders Vehicle Cleaning - ADF/XML,service@lawrencekia.com
lawrencekia.com,Employment,Text Formatted Notification,leads@dreamautomotive.com
lawrencekia.com,Reserve Your 2022 Kia Carnival Today,ADF/XML Formatted Notification,lawrencekia@promaxonline.net
lawrencekia.com,Reserve Your EV6 Now,ADF/XML Formatted Notification,lawrencekia@promaxonline.net
lawrencekia.com,Squeeze form CTA,ADF/XML Formatted Notification (new),lawrencekia@promaxonline.net
lawrencekia.com,Squeeze form CTA,ADF/XML Formatted Notification (used),lawrencekia@promaxonline.net
lawrencemitsubishi.com,Get E-Price,ADF/XML Formatted Notification (new),lawrencekia@promaxonline.net
lawrencemitsubishi.com,Get E-Price,ADF/XML Formatted Notification (used),lawrencekia@promaxonline.net
lawrencemitsubishi.com,Order Parts,Text Formatted Notification,leads@dreamautomotive.com
lawrencemitsubishi.com,Contact Us,ADF/XML Formatted Notification,lawrencekia@promaxonline.net
lawrencemitsubishi.com,Contact Us,Text formatted notification,leads@dreamautomotive.com
lawrencemitsubishi.com,Contact Parts,Text Formatted Notification,leads@dreamautomotive.com
lawrencemitsubishi.com,Contact Service,Text Formatted Notification,leads@dreamautomotive.com
lawrencemitsubishi.com,Schedule Test Drive,ADF/XML Formatted Notification (new),lawrencekia@promaxonline.net
lawrencemitsubishi.com,Schedule Test Drive,ADF/XML Formatted Notification (used),lawrencekia@promaxonline.net
lawrencemitsubishi.com,Vehicle Finder Service,ADF/XML Formatted Notification (new),lawrencekia@promaxonline.net
lawrencemitsubishi.com,Vehicle Finder Service,ADF/XML Formatted Notification (used),lawrencekia@promaxonline.net
lawrencemitsubishi.com,Check Availability,ADF/XML Formatted Notification (new),lawrencekia@promaxonline.net
lawrencemitsubishi.com,Check Availability,ADF/XML Formatted Notification (used),useddreamautomotive@promaxonline.net
lawrencemitsubishi.com,Value Trade In,ADF/XML Formatted Notification,lawrencekia@promaxonline.net
lawrencemitsubishi.com,Value Trade In,Text Formatted Notification,leads@dreamautomotive.com
lawrencemitsubishi.com,Lock This Lease,ADF/XML Formatted Notification,lawrencekia@promaxonline.net
lawrencemitsubishi.com,Lock This Lease,ADF/XML Formatted Notification,leads@dreamautomotive.com
lawrencemitsubishi.com,Lock This Payment,ADF/XML Formatted Notification,lawrencekia@promaxonline.net
lawrencemitsubishi.com,Lock This Payment,ADF/XML Formatted Notification,leads@dreamautomotive.com
lawrencemitsubishi.com,Shipping Quote,ADF/XML Formatted Notification,lawrencekia@promaxonline.net
lawrencemitsubishi.com,View Inventory,ADF/XML Formatted Notification (new),lawrencekia@promaxonline.net
lawrencemitsubishi.com,View Inventory,ADF/XML Formatted Notification (used),lawrencekia@promaxonline.net
lawrencemitsubishi.com,View Inventory,Text Formatted Notification,leads@dreamautomotive.com
lawrencemitsubishi.com,Secure This Offer,ADF/XML Formatted Notification,lawrencekia@promaxonline.net
lawrencemitsubishi.com,$ Get Approved Now,ADF/XML Formatted Notification (new),lawrencekia@promaxonline.net
lawrencemitsubishi.com,$ Get Approved Now,ADF/XML Formatted Notification (used),lawrencekia@promaxonline.net
lawrencemitsubishi.com,Kia Stinger Reservation,ADF/XML Formatted Notification,lawrencekia@promaxonline.net
lawrencemitsubishi.com,Kia Stinger Reservation,ADF/XML Formatted Notification,leads@dreamautomotive.com
lawrencemitsubishi.com,Dream Used Car,ADF/XML Formatted Notification,lawrencekia@promaxonline.net
lawrencemitsubishi.com,Dream Used Car,Text formatted notification,leads@dreamautomotive.com
lawrencemitsubishi.com,Door-to-Door,ADF/XML Formatted Notification,lawrencekia@promaxonline.net
lawrencemitsubishi.com,Door-to-Door,ADF/XML Formatted Notification,useddreamautomotive@promaxonline.net
lawrencemitsubishi.com,Blog Suggestion,Text Formatted Notification,marketing@dreamautomotive.com
lawrencemitsubishi.com,Blog Suggestion,Text Formatted Notification,leads@dreamautomotive.com
lawrencemitsubishi.com,Get - Buy Now Price,ADF/XML Formatted Notification,lawrencekia@promaxonline.net
lawrencemitsubishi.com,Get - Buy Now Price,ADF/XML Formatted Notification,leads@dreamautomotive.com
lawrencemitsubishi.com,Reserve Your Kia Telluride,ADF/XML Formatted Notification,lawrencekia@promaxonline.net
lawrencemitsubishi.com,Secure Price,ADF/XML Formatted Notification,lawrencekia@promaxonline.net
lawrencemitsubishi.com,Secure Price,Text formatted notification,leads@dreamautomotive.com
lawrencemitsubishi.com,Employment Application,Text Formatted Notification,leads@dreamautomotive.com
lawrencemitsubishi.com,Seltos-Reservation,ADF/XML Formatted Notification,lawrencekia@promaxonline.net
lawrencemitsubishi.com,Seltos-Reservation,Text formatted notification,leads@dreamautomotive.com
lawrencemitsubishi.com,Share Service Special,Text Formatted Notification,leads@dreamautomotive.com
lawrencemitsubishi.com,Virtual Appointment,ADF/XML Formatted Notification (new),lawrencekia@promaxonline.net
lawrencemitsubishi.com,Virtual Appointment,ADF/XML Formatted Notification (used),lawrencekia@promaxonline.net
lawrencemitsubishi.com,First Responder Cleaning,First Responders Vehicle Cleaning,leads@dreamautomotive.com
lawrencemitsubishi.com,Employment,Text Formatted Notification,leads@dreamautomotive.com
lawrencemitsubishi.com,Reserve Your 2022 Kia Carnival Today,ADF/XML Formatted Notification,lawrencekia@promaxonline.net
lawrencemitsubishi.com,Reserve Your EV6 Now,ADF/XML Formatted Notification,lawrencekia@promaxonline.net
lawrencemitsubishi.com,Schedule Service,Text Formatted Notification,leads@dreamautomotive.com
lawrencemitsubishi.com,Schedule Service,Text Formatted Notification,customerservice@dreamautomotive.com
lawrencemitsubishi.com,Schedule Service,Text Formatted Notification,service@lawrencekia.com
lawrencemitsubishi.com,Squeeze form CTA,ADF/XML Formatted Notification (new),lawrencekia@promaxonline.net
lawrencemitsubishi.com,Squeeze form CTA,ADF/XML Formatted Notification (used),lawrencekia@promaxonline.net
lawrencemitsubishi.com,Squeeze form CTA,Text Formatted Notification,leads@dreamautomotive.com
